layer_id,top_elevation,bottom_elevation,soil_classification,moist_unit_weight,saturated_unit_weight,drained_friction_angle,drained_cohesion,undrained_friction_angle,undrained_cohesion,unit_weight,layer_height,layer_surcharge,surcharge_factor,cohesion_factor,weight_factor,ultimate_bearing_capacity,shape_cohesion_term,shape_weight_term,shape_surcharge_term,inclined_base_surcharge,inclined_base_cohesion,inclined_base_weight
1,30,20,Medium Dense Alluvium,120,125,30,0,,,120.0,10,0,18.401122218708668,30.139627791519086,22.402486271104557,8064.8950575976405,1.0610529179258361,0.96,0.35946688033537244,1.0,1.0,1.0
2,20,10,Medium Dense Alluvium,120,125,30,0,,,62.6,10,0,18.401122218708668,30.139627791519086,22.402486271104557,4207.186921713436,1.0610529179258361,0.96,0.35946688033537244,1.0,1.0,1.0
3,10,0,Dense Alluvium,115,120,27,0,,,57.6,10,0,13.199146359992811,23.94217280431681,14.46965286302504,2500.356014730727,1.0551292753079327,0.96,0.6726296199571881,1.0,1.0,1.0
4,0,-5,test,130,135,38,0,,,72.6,5,0,48.93325270205936,61.35176569979716,78.02426524169339,16993.684969640817,1.0797585075896539,0.96,1.03103096609948,1.0,1.0,1.0
5,-5,-15,test,125,130,35,0,,,67.6,10,0,33.29609149141177,46.12359868902069,48.02876358683282,9740.233255409694,1.072188841369261,0.96,1.0473814720414452,1.0,1.0,1.0
